{"topleft": [26.26616668701172, 119.30142211914062], "topright": [26.26616668701172, 122.11656188964844], "bottomright": [21.74025535583496, 122.11656188964844], "bottomleft": [21.74025535583496, 119.30142211914062]}